user_id,topik_direkomendasikan
u100580,"['topik_4', 'topik_5', 'topik_6', 'topik_8', 'topik_9', 'topik_10', 'topik_11', 'topik_12', 'topik_13', 'topik_14', 'topik_17', 'topik_19']"
u101409,"['topik_4', 'topik_9', 'topik_10', 'topik_11', 'topik_12', 'topik_17']"
u102852,"['topik_1', 'topik_5', 'topik_11', 'topik_12', 'topik_14', 'topik_19']"
u106217,[]
u106643,"['topik_0', 'topik_11', 'topik_14']"
u108294,['topik_17']
u108434,[]
u108501,"['topik_1', 'topik_2', 'topik_5', 'topik_9', 'topik_10', 'topik_11', 'topik_12', 'topik_17', 'topik_19']"
u108728,"['topik_1', 'topik_2', 'topik_4', 'topik_5', 'topik_10', 'topik_17']"
u109699,[]
u109908,"['topik_1', 'topik_2', 'topik_3', 'topik_4', 'topik_8', 'topik_9', 'topik_11', 'topik_12', 'topik_13', 'topik_14', 'topik_17', 'topik_19']"
u11190,"['topik_4', 'topik_19']"
u112594,"['topik_14', 'topik_17']"
u113081,"['topik_0', 'topik_1', 'topik_2', 'topik_3', 'topik_4', 'topik_5', 'topik_8', 'topik_9', 'topik_11', 'topik_12', 'topik_13', 'topik_19']"
u113171,['topik_3']
u113725,[]
u114867,"['topik_1', 'topik_11', 'topik_12', 'topik_17']"
u115487,"['topik_4', 'topik_8', 'topik_9', 'topik_12', 'topik_13', 'topik_14', 'topik_17', 'topik_19']"
u115754,"['topik_0', 'topik_2', 'topik_3', 'topik_4', 'topik_5', 'topik_7', 'topik_8', 'topik_9', 'topik_10', 'topik_12', 'topik_13', 'topik_17']"
u115983,['topik_14']
u116123,"['topik_4', 'topik_5', 'topik_9', 'topik_14', 'topik_17', 'topik_19']"
u116208,"['topik_1', 'topik_2', 'topik_3', 'topik_4', 'topik_7', 'topik_8', 'topik_9', 'topik_10', 'topik_11', 'topik_12', 'topik_13', 'topik_17', 'topik_18']"
u116955,"['topik_0', 'topik_2', 'topik_4', 'topik_6', 'topik_8', 'topik_9', 'topik_10', 'topik_12', 'topik_13', 'topik_14', 'topik_16', 'topik_17', 'topik_18', 'topik_19']"
u117409,"['topik_0', 'topik_1', 'topik_3', 'topik_4', 'topik_8', 'topik_9', 'topik_10', 'topik_13', 'topik_14', 'topik_17', 'topik_19']"
u117621,[]
u117898,"['topik_2', 'topik_4', 'topik_9', 'topik_10', 'topik_11', 'topik_12', 'topik_13', 'topik_17', 'topik_19']"
u120391,"['topik_10', 'topik_12']"
u120392,[]
u121618,"['topik_4', 'topik_9', 'topik_12', 'topik_13', 'topik_14', 'topik_17']"
u121817,"['topik_1', 'topik_3', 'topik_4', 'topik_5', 'topik_6', 'topik_7', 'topik_8', 'topik_11', 'topik_12', 'topik_17', 'topik_19']"
u124788,[]
u12617,"['topik_1', 'topik_11']"
u1271,['topik_9']
u131825,"['topik_7', 'topik_18']"
u132350,"['topik_1', 'topik_2', 'topik_3', 'topik_5', 'topik_9', 'topik_10', 'topik_13', 'topik_14', 'topik_17', 'topik_19']"
u132648,['topik_14']
u132789,"['topik_2', 'topik_4', 'topik_6', 'topik_9', 'topik_10', 'topik_12', 'topik_14', 'topik_17', 'topik_19']"
u133683,"['topik_1', 'topik_3', 'topik_4', 'topik_5', 'topik_8', 'topik_9', 'topik_10', 'topik_11', 'topik_13', 'topik_14', 'topik_17', 'topik_19']"
u1350,[]
u135309,"['topik_1', 'topik_4', 'topik_5', 'topik_10', 'topik_16']"
u135328,"['topik_12', 'topik_14', 'topik_17']"
u136107,"['topik_12', 'topik_14']"
u136392,"['topik_4', 'topik_17']"
u136909,"['topik_12', 'topik_14', 'topik_17']"
u138204,[]
u139713,"['topik_0', 'topik_12', 'topik_14', 'topik_17']"
u140116,"['topik_12', 'topik_14']"
u140337,"['topik_9', 'topik_13', 'topik_19']"
u140463,"['topik_0', 'topik_8', 'topik_10', 'topik_12', 'topik_14', 'topik_17']"
u141784,['topik_12']
u142648,['topik_17']
u143508,[]
u143603,"['topik_3', 'topik_10', 'topik_18']"
u144840,[]
u146245,"['topik_1', 'topik_3', 'topik_4', 'topik_5', 'topik_9', 'topik_10', 'topik_12', 'topik_13', 'topik_17', 'topik_19']"
u147391,[]
u147874,"['topik_2', 'topik_5', 'topik_8', 'topik_9', 'topik_10', 'topik_12', 'topik_13']"
u148368,['topik_12']
u148733,"['topik_0', 'topik_17']"
u149203,"['topik_4', 'topik_5', 'topik_8', 'topik_9', 'topik_17', 'topik_18', 'topik_19']"
u150162,['topik_12']
u150307,[]
u150308,['topik_1']
u151285,['topik_17']
u15163,[]
u15170,"['topik_3', 'topik_8', 'topik_13']"
u152315,"['topik_2', 'topik_3', 'topik_4', 'topik_5', 'topik_8', 'topik_9', 'topik_10', 'topik_13', 'topik_16', 'topik_17', 'topik_19']"
u153068,"['topik_1', 'topik_3', 'topik_4', 'topik_5', 'topik_8', 'topik_9', 'topik_10', 'topik_11', 'topik_12', 'topik_14', 'topik_17']"
u153926,"['topik_4', 'topik_14']"
u154031,"['topik_3', 'topik_10']"
u154170,"['topik_4', 'topik_8']"
u154598,"['topik_0', 'topik_1', 'topik_2', 'topik_4', 'topik_5', 'topik_8', 'topik_9', 'topik_10', 'topik_11', 'topik_12', 'topik_14', 'topik_17']"
u15592,"['topik_0', 'topik_8', 'topik_10', 'topik_13']"
u159922,"['topik_1', 'topik_2', 'topik_3', 'topik_4', 'topik_5', 'topik_8', 'topik_9', 'topik_10', 'topik_11', 'topik_12', 'topik_17', 'topik_19']"
u160069,"['topik_4', 'topik_5']"
u160645,['topik_13']
u160669,"['topik_2', 'topik_3', 'topik_4', 'topik_5', 'topik_8', 'topik_9', 'topik_10', 'topik_11', 'topik_12', 'topik_13', 'topik_16', 'topik_17']"
u161686,[]
u161737,"['topik_6', 'topik_18']"
u162578,['topik_5']
u163689,"['topik_12', 'topik_14', 'topik_17']"
u16377,"['topik_1', 'topik_6', 'topik_7', 'topik_9']"
u164218,"['topik_0', 'topik_11', 'topik_12', 'topik_14', 'topik_17', 'topik_18']"
u164342,"['topik_3', 'topik_8', 'topik_9']"
u164984,"['topik_0', 'topik_1', 'topik_2', 'topik_3', 'topik_4', 'topik_5', 'topik_7', 'topik_8', 'topik_11', 'topik_12', 'topik_13', 'topik_14', 'topik_16', 'topik_17', 'topik_18']"
u165649,[]
u166133,"['topik_3', 'topik_4', 'topik_8', 'topik_9', 'topik_10', 'topik_11', 'topik_12', 'topik_17']"
u166978,"['topik_0', 'topik_3', 'topik_4', 'topik_5', 'topik_6', 'topik_7', 'topik_9', 'topik_10', 'topik_13', 'topik_15', 'topik_16']"
u168052,"['topik_0', 'topik_2', 'topik_4', 'topik_8', 'topik_9', 'topik_12', 'topik_14']"
u169720,[]
u171773,['topik_7']
u172746,"['topik_0', 'topik_1', 'topik_2', 'topik_3', 'topik_4', 'topik_5', 'topik_8', 'topik_9', 'topik_10', 'topik_11', 'topik_12', 'topik_14', 'topik_17', 'topik_19']"
u173117,"['topik_1', 'topik_2', 'topik_5', 'topik_8', 'topik_9', 'topik_10', 'topik_11', 'topik_12', 'topik_14', 'topik_17', 'topik_19']"
u174310,"['topik_9', 'topik_12', 'topik_17']"
u174758,['topik_12']
u175636,"['topik_14', 'topik_17']"
u175833,"['topik_3', 'topik_12', 'topik_18']"
u178952,"['topik_12', 'topik_14', 'topik_17']"
u179079,['topik_12']
u179769,"['topik_0', 'topik_4', 'topik_5', 'topik_8', 'topik_9', 'topik_10', 'topik_11', 'topik_12', 'topik_14', 'topik_17']"
u180030,[]
u180109,"['topik_12', 'topik_14']"
u181017,"['topik_1', 'topik_3', 'topik_4', 'topik_8', 'topik_10', 'topik_14', 'topik_17']"
u182659,"['topik_0', 'topik_3', 'topik_4', 'topik_6', 'topik_8', 'topik_9', 'topik_10', 'topik_11', 'topik_12', 'topik_17', 'topik_18', 'topik_19']"
u182716,"['topik_0', 'topik_14', 'topik_17']"
u18356,"['topik_0', 'topik_17']"
u183718,"['topik_8', 'topik_11', 'topik_15', 'topik_18', 'topik_19']"
u184016,"['topik_8', 'topik_9', 'topik_14', 'topik_17']"
u184581,"['topik_0', 'topik_4', 'topik_5', 'topik_8', 'topik_9', 'topik_10', 'topik_11', 'topik_12', 'topik_14', 'topik_17']"
u18624,"['topik_2', 'topik_3', 'topik_5', 'topik_7', 'topik_9', 'topik_13', 'topik_18']"
u186302,['topik_14']
u186432,['topik_10']
u187828,"['topik_0', 'topik_1', 'topik_2', 'topik_3', 'topik_4', 'topik_5', 'topik_8', 'topik_9', 'topik_10', 'topik_11', 'topik_14', 'topik_17', 'topik_19']"
u188175,"['topik_4', 'topik_8', 'topik_10', 'topik_14', 'topik_17', 'topik_18']"
u190115,[]
u190341,"['topik_0', 'topik_1', 'topik_3', 'topik_4', 'topik_5', 'topik_8', 'topik_9', 'topik_10', 'topik_14', 'topik_17', 'topik_19']"
u191348,"['topik_0', 'topik_2', 'topik_9', 'topik_12']"
u191981,"['topik_0', 'topik_1', 'topik_2', 'topik_3', 'topik_5', 'topik_8', 'topik_9', 'topik_10', 'topik_13', 'topik_14', 'topik_16', 'topik_19']"
u192324,"['topik_0', 'topik_2', 'topik_3', 'topik_4', 'topik_8', 'topik_10', 'topik_11', 'topik_12', 'topik_17', 'topik_19']"
u192403,[]
u192829,['topik_14']
u19299,"['topik_2', 'topik_4', 'topik_6']"
u193072,"['topik_0', 'topik_1', 'topik_2', 'topik_3', 'topik_4', 'topik_5', 'topik_8', 'topik_9', 'topik_12', 'topik_17', 'topik_19']"
u193238,[]
u195146,[]
u196214,['topik_17']
u198244,"['topik_2', 'topik_4', 'topik_5', 'topik_9', 'topik_10', 'topik_11', 'topik_12', 'topik_14', 'topik_17']"
u198443,"['topik_5', 'topik_16', 'topik_17']"
u199988,"['topik_2', 'topik_4', 'topik_9', 'topik_10', 'topik_11', 'topik_12', 'topik_13', 'topik_14', 'topik_17']"
u201045,"['topik_8', 'topik_9', 'topik_12', 'topik_17', 'topik_19']"
u20109,"['topik_0', 'topik_3', 'topik_5']"
u201198,"['topik_2', 'topik_10', 'topik_11']"
u201350,"['topik_12', 'topik_14']"
u201352,[]
u202180,[]
u203125,"['topik_0', 'topik_2', 'topik_4', 'topik_8', 'topik_9', 'topik_10', 'topik_11', 'topik_14', 'topik_17']"
u205805,"['topik_8', 'topik_9', 'topik_10', 'topik_12', 'topik_17', 'topik_19']"
u205839,['topik_12']
u205873,"['topik_14', 'topik_17']"
u206217,"['topik_0', 'topik_4', 'topik_5', 'topik_10', 'topik_12', 'topik_14', 'topik_17', 'topik_19']"
u20741,"['topik_1', 'topik_3', 'topik_4', 'topik_6', 'topik_7', 'topik_8', 'topik_10', 'topik_13', 'topik_16', 'topik_17']"
u207496,['topik_17']
u209805,"['topik_2', 'topik_4', 'topik_8', 'topik_9', 'topik_10', 'topik_12', 'topik_17']"
u210217,"['topik_13', 'topik_17']"
u210972,"['topik_0', 'topik_1', 'topik_5', 'topik_8', 'topik_9', 'topik_11', 'topik_14']"
u211037,"['topik_0', 'topik_4', 'topik_8', 'topik_11', 'topik_12', 'topik_14']"
u211227,"['topik_2', 'topik_10', 'topik_11', 'topik_12', 'topik_14', 'topik_17']"
u211841,"['topik_0', 'topik_1', 'topik_2', 'topik_3', 'topik_4', 'topik_8', 'topik_9', 'topik_10', 'topik_11', 'topik_12', 'topik_14', 'topik_17']"
u211934,['topik_3']
u212099,"['topik_4', 'topik_8', 'topik_9']"
u213653,"['topik_0', 'topik_14', 'topik_17']"
u213786,"['topik_7', 'topik_14']"
u21432,[]
u214510,"['topik_4', 'topik_8', 'topik_9', 'topik_10', 'topik_12']"
u215384,"['topik_5', 'topik_18', 'topik_19']"
u215822,"['topik_2', 'topik_3', 'topik_4', 'topik_5']"
u218716,"['topik_2', 'topik_4', 'topik_5', 'topik_10', 'topik_18', 'topik_19']"
u220066,"['topik_0', 'topik_1', 'topik_3', 'topik_4', 'topik_5', 'topik_7', 'topik_8', 'topik_10', 'topik_11', 'topik_13', 'topik_18', 'topik_19']"
u221649,"['topik_0', 'topik_1', 'topik_2', 'topik_3', 'topik_4', 'topik_5', 'topik_8', 'topik_9', 'topik_10', 'topik_11', 'topik_12', 'topik_14', 'topik_17']"
u221780,"['topik_12', 'topik_17']"
u224346,"['topik_2', 'topik_3', 'topik_4', 'topik_5', 'topik_8', 'topik_9', 'topik_10', 'topik_11', 'topik_12', 'topik_14']"
u225218,[]
u226557,"['topik_2', 'topik_5', 'topik_8', 'topik_10', 'topik_17']"
u227387,"['topik_8', 'topik_10', 'topik_13']"
u22997,[]
u229979,"['topik_0', 'topik_1', 'topik_2', 'topik_4', 'topik_5', 'topik_8', 'topik_9', 'topik_10', 'topik_12', 'topik_14', 'topik_17']"
u232171,"['topik_0', 'topik_11']"
u233681,"['topik_8', 'topik_19']"
u234857,"['topik_4', 'topik_8', 'topik_9', 'topik_10', 'topik_11', 'topik_12', 'topik_17', 'topik_19']"
u235165,[]
u235310,"['topik_0', 'topik_4', 'topik_8', 'topik_9', 'topik_10', 'topik_16']"
u23567,['topik_13']
u235930,"['topik_4', 'topik_6', 'topik_10', 'topik_11', 'topik_14']"
u235979,"['topik_0', 'topik_8', 'topik_9', 'topik_10', 'topik_11', 'topik_19']"
u237512,"['topik_0', 'topik_1', 'topik_3', 'topik_4', 'topik_5', 'topik_9', 'topik_12', 'topik_17', 'topik_19']"
u239781,"['topik_0', 'topik_3', 'topik_4', 'topik_8', 'topik_9', 'topik_10', 'topik_12', 'topik_14']"
u239962,"['topik_0', 'topik_7', 'topik_14', 'topik_18', 'topik_19']"
u241243,[]
u241821,"['topik_5', 'topik_8']"
u243019,"['topik_1', 'topik_2', 'topik_3', 'topik_4', 'topik_8', 'topik_9', 'topik_10', 'topik_12', 'topik_14']"
u243197,"['topik_1', 'topik_2', 'topik_3', 'topik_4', 'topik_8', 'topik_9', 'topik_10', 'topik_11', 'topik_12', 'topik_17', 'topik_19']"
u243205,"['topik_4', 'topik_6']"
u244572,['topik_17']
u245354,"['topik_0', 'topik_1', 'topik_4', 'topik_5', 'topik_7', 'topik_8', 'topik_9', 'topik_10', 'topik_11', 'topik_16', 'topik_18', 'topik_19']"
u246317,"['topik_4', 'topik_7', 'topik_13', 'topik_16']"
u246624,"['topik_3', 'topik_10', 'topik_18']"
u247080,['topik_14']
u247852,['topik_9']
u248064,['topik_10']
u248448,"['topik_0', 'topik_3', 'topik_4', 'topik_5', 'topik_8', 'topik_10', 'topik_11', 'topik_12', 'topik_14']"
u248959,[]
u249395,[]
u249443,[]
u25,['topik_5']
u250511,['topik_14']
u254809,"['topik_4', 'topik_9', 'topik_10', 'topik_16', 'topik_19']"
u257913,['topik_3']
u258320,['topik_3']
u259116,['topik_8']
u259459,"['topik_2', 'topik_3', 'topik_7', 'topik_12']"
u260104,"['topik_8', 'topik_10', 'topik_19']"
u260135,"['topik_13', 'topik_19']"
u26133,"['topik_10', 'topik_18', 'topik_19']"
u26137,['topik_13']
u262536,"['topik_5', 'topik_8']"
u26412,"['topik_0', 'topik_2', 'topik_4', 'topik_9', 'topik_16', 'topik_19']"
u266149,['topik_8']
u266209,[]
u266585,"['topik_13', 'topik_17']"
u267364,"['topik_9', 'topik_17']"
u267444,['topik_4']
u268858,[]
u269156,"['topik_3', 'topik_8', 'topik_15']"
u26946,[]
u271207,"['topik_0', 'topik_3', 'topik_5', 'topik_7', 'topik_13', 'topik_17']"
u271454,"['topik_3', 'topik_8', 'topik_13']"
u271498,"['topik_2', 'topik_3', 'topik_8', 'topik_9', 'topik_17']"
u273006,"['topik_9', 'topik_13', 'topik_18']"
u27393,[]
u275041,"['topik_5', 'topik_10', 'topik_14', 'topik_15', 'topik_18']"
u276443,['topik_6']
u276838,"['topik_5', 'topik_8', 'topik_10']"
u277366,['topik_5']
u27780,"['topik_11', 'topik_14', 'topik_19']"
u27884,"['topik_0', 'topik_4', 'topik_10', 'topik_13', 'topik_14', 'topik_17']"
u279327,"['topik_5', 'topik_19']"
u280346,"['topik_6', 'topik_8', 'topik_9', 'topik_15']"
u280692,"['topik_0', 'topik_3', 'topik_5', 'topik_8']"
u280962,"['topik_5', 'topik_9']"
u281010,"['topik_0', 'topik_5', 'topik_17']"
u281270,"['topik_1', 'topik_5', 'topik_7', 'topik_8', 'topik_13']"
u281389,['topik_18']
u282108,"['topik_3', 'topik_15', 'topik_19']"
u282446,"['topik_2', 'topik_3', 'topik_5', 'topik_6', 'topik_7', 'topik_8', 'topik_9', 'topik_10', 'topik_11', 'topik_13', 'topik_15', 'topik_16', 'topik_17', 'topik_18', 'topik_19']"
u282754,"['topik_8', 'topik_19']"
u28360,"['topik_0', 'topik_9', 'topik_13', 'topik_16']"
u286452,[]
u286545,"['topik_2', 'topik_5']"
u287365,"['topik_16', 'topik_19']"
u287696,['topik_4']
u28774,"['topik_0', 'topik_2', 'topik_4', 'topik_6', 'topik_7', 'topik_8', 'topik_12', 'topik_16', 'topik_18']"
u28834,[]
u288625,"['topik_0', 'topik_5', 'topik_8', 'topik_9', 'topik_10', 'topik_13', 'topik_15', 'topik_19']"
u289409,"['topik_0', 'topik_5']"
u289442,[]
u289493,"['topik_3', 'topik_4']"
u289531,"['topik_4', 'topik_5', 'topik_7', 'topik_17', 'topik_19']"
u28972,"['topik_0', 'topik_2', 'topik_3', 'topik_4', 'topik_5', 'topik_8', 'topik_9', 'topik_10', 'topik_14', 'topik_16', 'topik_17', 'topik_19']"
u290166,"['topik_8', 'topik_19']"
u290722,['topik_5']
u291001,['topik_5']
u291650,['topik_3']
u292093,"['topik_5', 'topik_6', 'topik_12', 'topik_19']"
u29274,[]
u293336,"['topik_5', 'topik_8', 'topik_9', 'topik_17']"
u294503,"['topik_3', 'topik_5']"
u294933,"['topik_5', 'topik_14', 'topik_18']"
u295133,"['topik_4', 'topik_14', 'topik_17']"
u297735,['topik_7']
u297874,"['topik_9', 'topik_18']"
u30072,"['topik_0', 'topik_14']"
u300876,"['topik_5', 'topik_13', 'topik_19']"
u300892,"['topik_2', 'topik_7', 'topik_8', 'topik_13']"
u302350,"['topik_12', 'topik_14']"
u302747,"['topik_2', 'topik_8', 'topik_15']"
u303465,"['topik_4', 'topik_5', 'topik_19']"
u305629,"['topik_5', 'topik_19']"
u305690,"['topik_8', 'topik_9']"
u305813,"['topik_0', 'topik_8', 'topik_18', 'topik_19']"
u306300,"['topik_5', 'topik_17']"
u307399,"['topik_2', 'topik_5', 'topik_9']"
u307911,['topik_19']
u308219,"['topik_10', 'topik_13']"
u308309,['topik_15']
u309251,['topik_12']
u30937,"['topik_0', 'topik_14']"
u310350,['topik_3']
u310456,[]
u3110,[]
u311044,"['topik_8', 'topik_19']"
u311675,"['topik_4', 'topik_5', 'topik_7', 'topik_13', 'topik_16']"
u311738,"['topik_9', 'topik_15']"
u311904,"['topik_6', 'topik_16', 'topik_17']"
u312215,"['topik_4', 'topik_9', 'topik_10']"
u312704,"['topik_0', 'topik_4', 'topik_10']"
u315152,"['topik_13', 'topik_19']"
u31570,"['topik_0', 'topik_4', 'topik_5', 'topik_8', 'topik_10', 'topik_13', 'topik_16', 'topik_18', 'topik_19']"
u316564,['topik_18']
u317445,"['topik_4', 'topik_15']"
u317502,"['topik_0', 'topik_4', 'topik_5', 'topik_8']"
u318174,"['topik_5', 'topik_8', 'topik_13']"
u318702,"['topik_8', 'topik_12', 'topik_18']"
u318924,"['topik_3', 'topik_8']"
u320123,['topik_8']
u321090,"['topik_7', 'topik_9', 'topik_19']"
u321174,"['topik_3', 'topik_5', 'topik_7', 'topik_8']"
u321304,"['topik_0', 'topik_3', 'topik_4', 'topik_5']"
u321710,"['topik_2', 'topik_8', 'topik_18', 'topik_19']"
u322634,"['topik_8', 'topik_19']"
u324222,"['topik_5', 'topik_19']"
u327580,"['topik_8', 'topik_17']"
u327877,"['topik_4', 'topik_5', 'topik_8', 'topik_13']"
u328547,"['topik_2', 'topik_8', 'topik_19']"
u328708,"['topik_8', 'topik_16']"
u328967,"['topik_2', 'topik_3', 'topik_5', 'topik_8', 'topik_9', 'topik_10', 'topik_19']"
u329989,"['topik_12', 'topik_16', 'topik_17']"
u33022,"['topik_2', 'topik_4', 'topik_5', 'topik_8', 'topik_9', 'topik_16']"
u330452,"['topik_3', 'topik_16']"
u331255,"['topik_8', 'topik_9']"
u333084,"['topik_5', 'topik_6', 'topik_8', 'topik_13', 'topik_14', 'topik_16', 'topik_19']"
u334001,"['topik_9', 'topik_13', 'topik_14', 'topik_19']"
u33448,"['topik_4', 'topik_8', 'topik_9', 'topik_10', 'topik_19']"
u334981,"['topik_4', 'topik_5', 'topik_9']"
u3352,['topik_19']
u335205,['topik_5']
u338685,"['topik_8', 'topik_13', 'topik_18']"
u34003,"['topik_16', 'topik_18']"
u341645,"['topik_3', 'topik_7', 'topik_9', 'topik_13', 'topik_18']"
u342839,"['topik_3', 'topik_4', 'topik_5']"
u343034,"['topik_4', 'topik_12', 'topik_17']"
u345120,"['topik_3', 'topik_4', 'topik_19']"
u345162,"['topik_7', 'topik_9', 'topik_15']"
u345406,"['topik_7', 'topik_14', 'topik_19']"
u346041,"['topik_5', 'topik_15', 'topik_17', 'topik_19']"
u348868,"['topik_5', 'topik_9', 'topik_12', 'topik_15']"
u349679,"['topik_5', 'topik_7', 'topik_19']"
u349776,['topik_16']
u349929,['topik_4']
u351062,"['topik_5', 'topik_11', 'topik_13', 'topik_16']"
u351376,"['topik_3', 'topik_5']"
u353823,"['topik_5', 'topik_12']"
u354318,"['topik_3', 'topik_12']"
u354553,"['topik_4', 'topik_5', 'topik_8', 'topik_13', 'topik_16']"
u356393,"['topik_8', 'topik_10', 'topik_12', 'topik_16']"
u356513,"['topik_4', 'topik_9']"
u357067,"['topik_3', 'topik_7', 'topik_9', 'topik_12', 'topik_17']"
u357438,[]
u35795,"['topik_9', 'topik_14']"
u357962,"['topik_5', 'topik_13']"
u35913,"['topik_5', 'topik_8', 'topik_9', 'topik_10', 'topik_13']"
u359592,"['topik_0', 'topik_3']"
u359964,"['topik_3', 'topik_16', 'topik_17', 'topik_19']"
u360294,"['topik_2', 'topik_3', 'topik_16']"
u361184,"['topik_3', 'topik_4', 'topik_5', 'topik_12', 'topik_15']"
u361536,[]
u361589,"['topik_7', 'topik_8', 'topik_14', 'topik_16']"
u362447,"['topik_8', 'topik_9']"
u362622,"['topik_3', 'topik_5', 'topik_7', 'topik_8', 'topik_12', 'topik_16', 'topik_17', 'topik_18']"
u363519,"['topik_2', 'topik_3', 'topik_7', 'topik_10', 'topik_11', 'topik_18']"
u365309,"['topik_4', 'topik_7']"
u365914,"['topik_0', 'topik_1', 'topik_2', 'topik_3', 'topik_6', 'topik_8']"
u366751,"['topik_4', 'topik_5', 'topik_13', 'topik_19']"
u366818,"['topik_6', 'topik_10', 'topik_15', 'topik_17', 'topik_19']"
u366927,"['topik_1', 'topik_3', 'topik_15']"
u367181,"['topik_9', 'topik_16']"
u367486,['topik_17']
u368475,[]
u369686,['topik_8']
u369794,"['topik_5', 'topik_8', 'topik_17']"
u370789,"['topik_4', 'topik_5', 'topik_10', 'topik_14', 'topik_16']"
u371195,"['topik_4', 'topik_5', 'topik_16']"
u371209,"['topik_5', 'topik_7', 'topik_10', 'topik_14']"
u371513,"['topik_7', 'topik_9']"
u374826,"['topik_2', 'topik_4', 'topik_10', 'topik_17']"
u376336,"['topik_0', 'topik_8', 'topik_9', 'topik_12', 'topik_13', 'topik_15', 'topik_19']"
u376821,"['topik_4', 'topik_8', 'topik_16']"
u376854,"['topik_3', 'topik_10']"
u377234,['topik_5']
u377247,['topik_9']
u37769,"['topik_0', 'topik_2', 'topik_6', 'topik_17', 'topik_18']"
u377747,"['topik_3', 'topik_5', 'topik_12', 'topik_16']"
u379050,[]
u379875,"['topik_4', 'topik_5', 'topik_15', 'topik_17', 'topik_19']"
u381385,['topik_5']
u382156,"['topik_12', 'topik_17', 'topik_19']"
u383014,"['topik_4', 'topik_8', 'topik_16']"
u384030,"['topik_4', 'topik_8']"
u384303,[]
u385511,"['topik_2', 'topik_18']"
u385992,['topik_6']
u387072,"['topik_6', 'topik_13', 'topik_18']"
u387083,['topik_12']
u388242,"['topik_4', 'topik_6', 'topik_9', 'topik_10']"
u388964,"['topik_4', 'topik_5', 'topik_9', 'topik_13']"
u389264,"['topik_3', 'topik_18']"
u390372,"['topik_1', 'topik_3', 'topik_5', 'topik_12', 'topik_13', 'topik_18', 'topik_19']"
u390829,"['topik_5', 'topik_8', 'topik_13', 'topik_19']"
u392051,"['topik_8', 'topik_19']"
u392579,[]
u393183,"['topik_4', 'topik_5', 'topik_12']"
u393678,"['topik_5', 'topik_17']"
u39388,['topik_12']
u394467,[]
u394793,"['topik_4', 'topik_5', 'topik_8', 'topik_18']"
u39484,[]
u395028,['topik_18']
u39551,[]
u397357,['topik_16']
u397410,"['topik_1', 'topik_3', 'topik_4', 'topik_5', 'topik_7', 'topik_16', 'topik_19']"
u397812,['topik_18']
u398797,"['topik_10', 'topik_19']"
u39968,"['topik_0', 'topik_12', 'topik_14']"
u399834,"['topik_5', 'topik_7', 'topik_17', 'topik_19']"
u40183,"['topik_9', 'topik_13', 'topik_16']"
u402034,"['topik_2', 'topik_5']"
u402580,"['topik_3', 'topik_5', 'topik_17', 'topik_18']"
u402772,"['topik_0', 'topik_3', 'topik_4', 'topik_5', 'topik_13', 'topik_14', 'topik_17', 'topik_19']"
u402840,"['topik_0', 'topik_5', 'topik_19']"
u40394,['topik_0']
u404205,"['topik_3', 'topik_6', 'topik_10', 'topik_13', 'topik_14', 'topik_17', 'topik_19']"
u405969,"['topik_8', 'topik_9']"
u406711,['topik_15']
u409701,[]
u410780,"['topik_0', 'topik_3', 'topik_8']"
u410812,"['topik_1', 'topik_11']"
u41091,['topik_5']
u413859,"['topik_5', 'topik_8']"
u414755,"['topik_5', 'topik_8']"
u415525,"['topik_2', 'topik_3', 'topik_8']"
u415806,"['topik_14', 'topik_16']"
u415903,"['topik_5', 'topik_10', 'topik_14', 'topik_15', 'topik_18', 'topik_19']"
u416095,['topik_5']
u416843,"['topik_3', 'topik_7', 'topik_17']"
u41706,[]
u417504,"['topik_0', 'topik_4', 'topik_7', 'topik_19']"
u418553,"['topik_8', 'topik_14']"
u418655,"['topik_5', 'topik_8', 'topik_13', 'topik_19']"
u419229,['topik_18']
u423035,"['topik_3', 'topik_4', 'topik_15']"
u423499,['topik_3']
u424351,"['topik_5', 'topik_8', 'topik_9']"
u424557,['topik_0']
u426510,"['topik_4', 'topik_9']"
u428089,"['topik_3', 'topik_5', 'topik_6', 'topik_9', 'topik_15', 'topik_17']"
u428294,"['topik_5', 'topik_9', 'topik_13', 'topik_16']"
u429476,"['topik_3', 'topik_5', 'topik_8', 'topik_12']"
u431649,"['topik_3', 'topik_4', 'topik_6', 'topik_9', 'topik_13', 'topik_14', 'topik_16', 'topik_17']"
u431744,"['topik_4', 'topik_9', 'topik_16']"
u43252,[]
u432581,"['topik_3', 'topik_5', 'topik_16']"
u434995,"['topik_4', 'topik_12']"
u435026,"['topik_11', 'topik_12', 'topik_14']"
u435729,"['topik_4', 'topik_8', 'topik_12', 'topik_16', 'topik_17']"
u435923,"['topik_5', 'topik_19']"
u435976,"['topik_0', 'topik_3', 'topik_8', 'topik_16', 'topik_19']"
u436936,"['topik_4', 'topik_5', 'topik_6', 'topik_16', 'topik_17']"
u43750,"['topik_0', 'topik_1', 'topik_2', 'topik_4', 'topik_5', 'topik_8', 'topik_9', 'topik_10', 'topik_11', 'topik_12', 'topik_13', 'topik_14', 'topik_17']"
u438172,"['topik_6', 'topik_10', 'topik_18']"
u438339,"['topik_3', 'topik_7']"
u438375,"['topik_1', 'topik_5', 'topik_7', 'topik_10', 'topik_11', 'topik_13', 'topik_18']"
u438693,"['topik_0', 'topik_1', 'topik_3', 'topik_9', 'topik_19']"
u43957,['topik_13']
u439581,['topik_5']
u440068,"['topik_0', 'topik_6', 'topik_8', 'topik_10']"
u440323,['topik_3']
u440605,"['topik_5', 'topik_19']"
u440687,['topik_18']
u440741,"['topik_4', 'topik_12', 'topik_13']"
u441877,[]
u442232,"['topik_2', 'topik_4']"
u442236,"['topik_2', 'topik_8', 'topik_19']"
u442510,"['topik_3', 'topik_15']"
u442690,"['topik_4', 'topik_5', 'topik_8', 'topik_13']"
u443293,"['topik_2', 'topik_3', 'topik_4']"
u443665,"['topik_3', 'topik_5', 'topik_6', 'topik_14']"
u445348,['topik_4']
u447364,"['topik_2', 'topik_5', 'topik_14']"
u447511,"['topik_3', 'topik_7', 'topik_8', 'topik_9', 'topik_15', 'topik_16', 'topik_19']"
u447587,"['topik_3', 'topik_8', 'topik_16']"
u44797,"['topik_0', 'topik_7', 'topik_12']"
u448544,"['topik_6', 'topik_17']"
u448730,"['topik_5', 'topik_12']"
u450054,"['topik_16', 'topik_17']"
u450257,"['topik_3', 'topik_5']"
u450842,"['topik_3', 'topik_5', 'topik_9', 'topik_17']"
u451208,[]
u451990,[]
u452715,"['topik_0', 'topik_5', 'topik_7']"
u453202,"['topik_0', 'topik_4', 'topik_6', 'topik_8', 'topik_19']"
u453216,"['topik_6', 'topik_19']"
u454431,"['topik_8', 'topik_9', 'topik_13', 'topik_19']"
u456293,"['topik_6', 'topik_19']"
u456507,"['topik_6', 'topik_10', 'topik_13', 'topik_15', 'topik_17']"
u456656,[]
u456961,"['topik_5', 'topik_10', 'topik_14', 'topik_19']"
u456981,['topik_7']
u457978,"['topik_2', 'topik_5', 'topik_7', 'topik_8', 'topik_10', 'topik_18', 'topik_19']"
u458010,"['topik_1', 'topik_2', 'topik_5', 'topik_14', 'topik_18']"
u458936,"['topik_13', 'topik_16', 'topik_19']"
u459559,"['topik_0', 'topik_3']"
u459621,"['topik_4', 'topik_5', 'topik_15', 'topik_19']"
u460977,"['topik_9', 'topik_19']"
u462314,[]
u462401,"['topik_0', 'topik_4', 'topik_5', 'topik_9', 'topik_12', 'topik_15', 'topik_16']"
u462660,['topik_5']
u463371,['topik_12']
u463752,"['topik_4', 'topik_5', 'topik_7']"
u464192,"['topik_5', 'topik_9']"
u466952,"['topik_2', 'topik_3', 'topik_9', 'topik_14', 'topik_18']"
u469014,[]
u469672,['topik_8']
u469914,"['topik_5', 'topik_8']"
u47139,"['topik_9', 'topik_10', 'topik_12', 'topik_13']"
u472255,"['topik_4', 'topik_8', 'topik_9', 'topik_12', 'topik_13']"
u472615,"['topik_1', 'topik_9']"
u472811,['topik_3']
u473198,"['topik_2', 'topik_3', 'topik_4', 'topik_8', 'topik_16', 'topik_17']"
u474889,['topik_5']
u475626,['topik_8']
u476000,"['topik_3', 'topik_7', 'topik_13']"
u476610,"['topik_0', 'topik_3', 'topik_5']"
u477065,"['topik_3', 'topik_5', 'topik_7']"
u47789,"['topik_0', 'topik_6', 'topik_8', 'topik_9', 'topik_10', 'topik_12', 'topik_13', 'topik_14']"
u478297,"['topik_5', 'topik_19']"
u478494,"['topik_10', 'topik_17']"
u479062,['topik_13']
u480401,"['topik_3', 'topik_8', 'topik_9', 'topik_16', 'topik_17']"
u480429,"['topik_6', 'topik_7', 'topik_13']"
u480514,"['topik_4', 'topik_5', 'topik_10', 'topik_12', 'topik_15']"
u480635,"['topik_5', 'topik_6']"
u48156,[]
u481690,"['topik_5', 'topik_7', 'topik_8', 'topik_9', 'topik_15']"
u481992,"['topik_3', 'topik_5', 'topik_8', 'topik_12']"
u482055,"['topik_3', 'topik_4', 'topik_5', 'topik_19']"
u483085,"['topik_8', 'topik_19']"
u483292,"['topik_1', 'topik_5']"
u484449,"['topik_10', 'topik_19']"
u484904,"['topik_3', 'topik_8', 'topik_12', 'topik_13', 'topik_16', 'topik_19']"
u485227,['topik_16']
u48538,"['topik_1', 'topik_2', 'topik_8', 'topik_9', 'topik_10', 'topik_11', 'topik_12', 'topik_13', 'topik_14', 'topik_17', 'topik_19']"
u485446,"['topik_2', 'topik_8', 'topik_16']"
u486095,[]
u486422,['topik_7']
u486944,['topik_18']
u487291,[]
u487845,[]
u488140,['topik_19']
u489904,"['topik_5', 'topik_13']"
u490312,['topik_2']
u490500,"['topik_0', 'topik_1', 'topik_8', 'topik_14', 'topik_16']"
u490583,"['topik_14', 'topik_16', 'topik_19']"
u490690,"['topik_5', 'topik_14', 'topik_19']"
u491116,"['topik_2', 'topik_3', 'topik_5', 'topik_8', 'topik_14', 'topik_16', 'topik_17']"
u491504,"['topik_14', 'topik_17', 'topik_19']"
u492573,"['topik_3', 'topik_8', 'topik_12']"
u492831,['topik_5']
u492857,"['topik_5', 'topik_19']"
u494087,"['topik_9', 'topik_17']"
u494100,"['topik_3', 'topik_6', 'topik_9', 'topik_15', 'topik_19']"
u494901,"['topik_3', 'topik_8', 'topik_10', 'topik_13', 'topik_17']"
u496467,"['topik_16', 'topik_18']"
u496905,"['topik_3', 'topik_16']"
u498737,"['topik_0', 'topik_2', 'topik_5', 'topik_7', 'topik_8', 'topik_14', 'topik_16', 'topik_18', 'topik_19']"
u499067,"['topik_3', 'topik_5', 'topik_6', 'topik_12', 'topik_18']"
u499727,[]
u500512,"['topik_3', 'topik_5', 'topik_10', 'topik_13', 'topik_16', 'topik_19']"
u500523,"['topik_3', 'topik_6', 'topik_18']"
u502820,"['topik_2', 'topik_6', 'topik_13', 'topik_19']"
u502936,"['topik_5', 'topik_6']"
u504453,"['topik_0', 'topik_3', 'topik_4', 'topik_7', 'topik_10', 'topik_13']"
u508318,"['topik_0', 'topik_18']"
u509441,"['topik_3', 'topik_5']"
u509734,"['topik_2', 'topik_3', 'topik_9']"
u510076,[]
u510725,"['topik_3', 'topik_8']"
u511916,"['topik_4', 'topik_5', 'topik_6', 'topik_7', 'topik_17']"
u513122,"['topik_2', 'topik_5']"
u513287,"['topik_5', 'topik_7', 'topik_14', 'topik_19']"
u513549,"['topik_7', 'topik_8', 'topik_12']"
u513874,"['topik_2', 'topik_5', 'topik_8', 'topik_9', 'topik_13', 'topik_19']"
u514227,"['topik_0', 'topik_5']"
u51472,[]
u515439,"['topik_6', 'topik_9', 'topik_15']"
u51699,"['topik_4', 'topik_9', 'topik_12', 'topik_13', 'topik_14', 'topik_19']"
u517237,[]
u51913,"['topik_3', 'topik_4', 'topik_5', 'topik_9', 'topik_10', 'topik_13', 'topik_19']"
u519456,"['topik_4', 'topik_9', 'topik_13', 'topik_19']"
u519586,['topik_17']
u519865,['topik_0']
u520563,"['topik_6', 'topik_10', 'topik_15', 'topik_17', 'topik_18']"
u522055,"['topik_3', 'topik_5']"
u522240,"['topik_0', 'topik_18', 'topik_19']"
u523430,"['topik_0', 'topik_3', 'topik_4', 'topik_6', 'topik_7']"
u523735,"['topik_9', 'topik_16']"
u525381,['topik_8']
u526334,"['topik_3', 'topik_5', 'topik_8', 'topik_13']"
u526549,"['topik_3', 'topik_5', 'topik_6', 'topik_15']"
u527468,"['topik_8', 'topik_12', 'topik_13', 'topik_15', 'topik_16']"
u527674,"['topik_4', 'topik_5', 'topik_8', 'topik_16']"
u528258,"['topik_4', 'topik_5', 'topik_8', 'topik_9', 'topik_13', 'topik_16', 'topik_19']"
u528290,"['topik_2', 'topik_8', 'topik_19']"
u52844,"['topik_0', 'topik_2', 'topik_5', 'topik_8', 'topik_9', 'topik_10', 'topik_11', 'topik_12', 'topik_13', 'topik_17']"
u530535,"['topik_8', 'topik_14']"
u530724,"['topik_4', 'topik_8', 'topik_9', 'topik_15']"
u531620,"['topik_2', 'topik_3', 'topik_7', 'topik_8', 'topik_19']"
u531788,"['topik_3', 'topik_4', 'topik_5', 'topik_7', 'topik_14', 'topik_15', 'topik_16']"
u532347,"['topik_3', 'topik_5', 'topik_8', 'topik_9']"
u535417,['topik_18']
u535683,['topik_9']
u535834,"['topik_2', 'topik_8', 'topik_10', 'topik_13', 'topik_14', 'topik_18']"
u537302,"['topik_4', 'topik_10']"
u538390,"['topik_6', 'topik_16']"
u538656,"['topik_0', 'topik_6', 'topik_9']"
u540703,['topik_8']
u540785,"['topik_3', 'topik_8', 'topik_17', 'topik_18']"
u541320,"['topik_5', 'topik_8', 'topik_15']"
u541648,"['topik_3', 'topik_6', 'topik_9', 'topik_16', 'topik_19']"
u542086,"['topik_18', 'topik_19']"
u542437,[]
u542468,['topik_13']
u543626,"['topik_0', 'topik_5', 'topik_7', 'topik_9', 'topik_12', 'topik_13', 'topik_16']"
u544350,"['topik_3', 'topik_4', 'topik_5', 'topik_13']"
u544784,['topik_9']
u545856,['topik_5']
u546675,['topik_8']
u546978,"['topik_5', 'topik_6', 'topik_12', 'topik_17']"
u547591,"['topik_13', 'topik_16', 'topik_19']"
u547668,"['topik_5', 'topik_6', 'topik_12', 'topik_13', 'topik_19']"
u547728,"['topik_5', 'topik_8']"
u548162,"['topik_0', 'topik_1', 'topik_10', 'topik_12', 'topik_18']"
u548249,"['topik_0', 'topik_3', 'topik_8']"
u548331,"['topik_12', 'topik_13', 'topik_16', 'topik_17', 'topik_19']"
u549674,"['topik_3', 'topik_8', 'topik_12']"
u549676,"['topik_6', 'topik_10', 'topik_17']"
u549818,"['topik_17', 'topik_19']"
u549929,"['topik_8', 'topik_9', 'topik_13']"
u549982,"['topik_4', 'topik_5', 'topik_6', 'topik_8']"
u550433,[]
u55092,"['topik_1', 'topik_3', 'topik_4', 'topik_6', 'topik_11', 'topik_13', 'topik_17']"
u553017,"['topik_7', 'topik_15', 'topik_17', 'topik_19']"
u554371,"['topik_5', 'topik_6', 'topik_15', 'topik_18']"
u55441,"['topik_0', 'topik_1', 'topik_2', 'topik_3', 'topik_4', 'topik_5', 'topik_8', 'topik_9', 'topik_10', 'topik_14']"
u554632,['topik_13']
u555460,"['topik_0', 'topik_16']"
u555727,['topik_7']
u556028,[]
u556059,"['topik_3', 'topik_16', 'topik_19']"
u556670,['topik_8']
u556859,"['topik_4', 'topik_8', 'topik_9', 'topik_12']"
u557298,"['topik_6', 'topik_8', 'topik_9', 'topik_10']"
u557880,['topik_13']
u559553,"['topik_5', 'topik_7', 'topik_17']"
u56009,['topik_14']
u560243,"['topik_4', 'topik_8', 'topik_18']"
u560756,"['topik_2', 'topik_5', 'topik_14', 'topik_16']"
u562059,"['topik_5', 'topik_7', 'topik_14', 'topik_16', 'topik_18']"
u563199,"['topik_6', 'topik_8', 'topik_9', 'topik_12']"
u563650,['topik_0']
u564347,"['topik_3', 'topik_4', 'topik_8', 'topik_16']"
u564664,"['topik_14', 'topik_17', 'topik_19']"
u565408,"['topik_6', 'topik_12', 'topik_15']"
u565586,"['topik_3', 'topik_8', 'topik_16']"
u567281,['topik_15']
u567669,['topik_8']
u568731,"['topik_0', 'topik_16']"
u568858,"['topik_4', 'topik_13']"
u569189,['topik_5']
u569581,"['topik_4', 'topik_5', 'topik_8', 'topik_10']"
u571141,"['topik_5', 'topik_8', 'topik_9']"
u573152,"['topik_4', 'topik_8', 'topik_9', 'topik_17']"
u574367,[]
u575764,"['topik_2', 'topik_7', 'topik_9']"
u576567,['topik_19']
u576841,"['topik_5', 'topik_8', 'topik_19']"
u576913,"['topik_3', 'topik_8']"
u576922,"['topik_3', 'topik_8', 'topik_9']"
u577266,"['topik_4', 'topik_5', 'topik_15', 'topik_17']"
u578543,"['topik_8', 'topik_14', 'topik_16']"
u578992,"['topik_3', 'topik_5', 'topik_8', 'topik_13']"
u579437,"['topik_3', 'topik_8', 'topik_14']"
u579745,['topik_3']
u581025,"['topik_5', 'topik_9', 'topik_13']"
u58114,['topik_12']
u581850,"['topik_0', 'topik_19']"
u583832,"['topik_2', 'topik_18']"
u583910,"['topik_5', 'topik_18', 'topik_19']"
u58410,"['topik_2', 'topik_3', 'topik_4', 'topik_7', 'topik_8', 'topik_9', 'topik_10', 'topik_11', 'topik_12', 'topik_13', 'topik_16', 'topik_17', 'topik_19']"
u584937,"['topik_3', 'topik_8', 'topik_10', 'topik_19']"
u584967,"['topik_2', 'topik_13']"
u585085,"['topik_0', 'topik_2', 'topik_6', 'topik_7', 'topik_8', 'topik_9', 'topik_12', 'topik_13', 'topik_14']"
u585390,"['topik_6', 'topik_7', 'topik_16']"
u585665,"['topik_16', 'topik_17']"
u586768,"['topik_4', 'topik_5', 'topik_8', 'topik_10', 'topik_16']"
u586818,['topik_13']
u587972,['topik_5']
u59004,"['topik_4', 'topik_9', 'topik_10', 'topik_12', 'topik_14']"
u590331,"['topik_0', 'topik_4', 'topik_5']"
u590649,"['topik_0', 'topik_4', 'topik_5', 'topik_8', 'topik_16', 'topik_18']"
u591083,[]
u591835,"['topik_1', 'topik_2', 'topik_3']"
u592895,"['topik_17', 'topik_19']"
u593209,[]
u593211,['topik_8']
u594965,"['topik_5', 'topik_6', 'topik_8', 'topik_11', 'topik_13']"
u595359,['topik_13']
u595473,"['topik_3', 'topik_5', 'topik_12', 'topik_19']"
u595932,"['topik_8', 'topik_10', 'topik_17']"
u59687,['topik_18']
u596897,['topik_16']
u597459,"['topik_5', 'topik_15', 'topik_17', 'topik_19']"
u598114,"['topik_9', 'topik_17']"
u598163,"['topik_4', 'topik_5']"
u599600,"['topik_2', 'topik_4', 'topik_6', 'topik_13']"
u600613,"['topik_3', 'topik_5', 'topik_6', 'topik_17', 'topik_18']"
u600655,"['topik_10', 'topik_12']"
u601074,"['topik_4', 'topik_8', 'topik_9', 'topik_13', 'topik_19']"
u601704,['topik_13']
u602218,"['topik_3', 'topik_5', 'topik_9', 'topik_17']"
u603722,"['topik_3', 'topik_4', 'topik_9', 'topik_13', 'topik_14', 'topik_16']"
u604416,"['topik_5', 'topik_6', 'topik_9', 'topik_16', 'topik_18', 'topik_19']"
u606746,"['topik_4', 'topik_5', 'topik_6', 'topik_13', 'topik_14', 'topik_15']"
u606833,"['topik_1', 'topik_3', 'topik_8']"
u607794,['topik_5']
u60811,['topik_10']
u608696,"['topik_2', 'topik_12', 'topik_19']"
u608974,"['topik_8', 'topik_13', 'topik_17', 'topik_19']"
u609538,"['topik_3', 'topik_4', 'topik_8', 'topik_12', 'topik_13', 'topik_15', 'topik_16', 'topik_17', 'topik_18', 'topik_19']"
u609804,['topik_8']
u611955,"['topik_0', 'topik_12', 'topik_13', 'topik_15', 'topik_16', 'topik_17']"
u612327,"['topik_6', 'topik_7', 'topik_10', 'topik_18', 'topik_19']"
u613461,"['topik_5', 'topik_8']"
u615280,"['topik_5', 'topik_8']"
u615478,"['topik_5', 'topik_7', 'topik_8']"
u615551,"['topik_1', 'topik_6', 'topik_13']"
u615685,"['topik_3', 'topik_4', 'topik_9', 'topik_10', 'topik_14', 'topik_17', 'topik_18']"
u61581,"['topik_2', 'topik_8', 'topik_9', 'topik_10', 'topik_12', 'topik_17']"
u61637,"['topik_2', 'topik_3', 'topik_4', 'topik_8', 'topik_9', 'topik_10', 'topik_11', 'topik_12', 'topik_13', 'topik_14', 'topik_17', 'topik_19']"
u617369,[]
u617900,"['topik_2', 'topik_7', 'topik_8', 'topik_10', 'topik_13', 'topik_16', 'topik_19']"
u618115,"['topik_3', 'topik_12', 'topik_14', 'topik_17', 'topik_18']"
u620946,"['topik_12', 'topik_18']"
u621777,"['topik_7', 'topik_8']"
u622828,"['topik_5', 'topik_6']"
u623177,['topik_0']
u624648,['topik_4']
u627578,"['topik_7', 'topik_10']"
u627681,['topik_5']
u628304,"['topik_3', 'topik_13']"
u628542,[]
u62925,"['topik_0', 'topik_1', 'topik_3', 'topik_4', 'topik_5', 'topik_8', 'topik_9', 'topik_10', 'topik_11', 'topik_12', 'topik_13', 'topik_18']"
u629379,"['topik_5', 'topik_13', 'topik_18']"
u629532,"['topik_3', 'topik_6', 'topik_7', 'topik_18']"
u630488,"['topik_5', 'topik_8']"
u632016,"['topik_8', 'topik_17']"
u633052,"['topik_3', 'topik_8', 'topik_14', 'topik_15']"
u633958,"['topik_8', 'topik_13', 'topik_19']"
u634253,"['topik_2', 'topik_10', 'topik_16', 'topik_17']"
u635863,"['topik_0', 'topik_1', 'topik_2', 'topik_3', 'topik_4', 'topik_5', 'topik_6', 'topik_7', 'topik_8', 'topik_9', 'topik_10', 'topik_11', 'topik_12', 'topik_14', 'topik_15', 'topik_16', 'topik_17', 'topik_18']"
u636025,"['topik_5', 'topik_18']"
u63617,"['topik_1', 'topik_2', 'topik_3', 'topik_4', 'topik_9', 'topik_10', 'topik_11', 'topik_13', 'topik_17']"
u637199,[]
u63771,"['topik_1', 'topik_4', 'topik_8', 'topik_9', 'topik_10', 'topik_12', 'topik_14', 'topik_17']"
u638633,"['topik_5', 'topik_9']"
u638932,['topik_15']
u639740,"['topik_10', 'topik_14', 'topik_19']"
u639777,"['topik_5', 'topik_15']"
u64067,"['topik_1', 'topik_3', 'topik_4', 'topik_5', 'topik_8', 'topik_9', 'topik_10', 'topik_12', 'topik_17', 'topik_19']"
u643967,['topik_19']
u646190,"['topik_6', 'topik_8', 'topik_15']"
u64642,['topik_10']
u647356,"['topik_0', 'topik_5', 'topik_16', 'topik_19']"
u647789,['topik_18']
u648584,"['topik_8', 'topik_19']"
u649612,"['topik_7', 'topik_12', 'topik_18']"
u650154,"['topik_0', 'topik_4', 'topik_5', 'topik_17']"
u651543,"['topik_5', 'topik_12', 'topik_14', 'topik_16', 'topik_18']"
u651570,"['topik_4', 'topik_5', 'topik_12', 'topik_16']"
u651882,"['topik_0', 'topik_2', 'topik_4', 'topik_14']"
u652072,['topik_5']
u652096,[]
u652742,"['topik_15', 'topik_17']"
u653376,"['topik_2', 'topik_5', 'topik_8']"
u653382,"['topik_4', 'topik_6', 'topik_7', 'topik_8', 'topik_19']"
u653665,['topik_8']
u653855,['topik_5']
u654187,['topik_3']
u655239,"['topik_2', 'topik_5', 'topik_16', 'topik_19']"
u655811,['topik_16']
u656140,"['topik_4', 'topik_9', 'topik_12']"
u656788,"['topik_1', 'topik_4', 'topik_7', 'topik_16', 'topik_18']"
u656881,['topik_19']
u6572,"['topik_3', 'topik_6', 'topik_7', 'topik_15', 'topik_16', 'topik_17', 'topik_18']"
u657475,"['topik_8', 'topik_15']"
u657880,[]
u657892,"['topik_8', 'topik_13', 'topik_17']"
u659756,"['topik_5', 'topik_6', 'topik_8', 'topik_12']"
u659761,"['topik_4', 'topik_5', 'topik_6', 'topik_9', 'topik_12']"
u660072,['topik_15']
u661303,"['topik_5', 'topik_8', 'topik_16']"
u663120,"['topik_3', 'topik_5']"
u663482,"['topik_5', 'topik_9', 'topik_16', 'topik_17', 'topik_19']"
u663885,"['topik_3', 'topik_4', 'topik_5', 'topik_8', 'topik_9', 'topik_13']"
u665117,"['topik_5', 'topik_6', 'topik_7', 'topik_19']"
u665442,"['topik_5', 'topik_8']"
u665742,"['topik_9', 'topik_19']"
u66714,"['topik_1', 'topik_2', 'topik_4', 'topik_5', 'topik_8', 'topik_10', 'topik_12', 'topik_13', 'topik_17', 'topik_19']"
u667876,"['topik_3', 'topik_13', 'topik_15']"
u669014,"['topik_9', 'topik_13', 'topik_17', 'topik_19']"
u669241,"['topik_8', 'topik_13', 'topik_17']"
u671047,"['topik_5', 'topik_17']"
u672337,"['topik_4', 'topik_6', 'topik_8']"
u673793,"['topik_2', 'topik_7', 'topik_18']"
u675138,"['topik_14', 'topik_19']"
u675291,"['topik_0', 'topik_4', 'topik_5', 'topik_8']"
u675358,['topik_5']
u676058,['topik_5']
u676900,[]
u677772,"['topik_4', 'topik_15', 'topik_19']"
u677945,"['topik_3', 'topik_5', 'topik_8', 'topik_12', 'topik_16', 'topik_19']"
u678186,"['topik_4', 'topik_9', 'topik_19']"
u68016,[]
u680656,"['topik_10', 'topik_16']"
u681116,"['topik_1', 'topik_2', 'topik_3', 'topik_5', 'topik_6', 'topik_7', 'topik_8', 'topik_9', 'topik_10', 'topik_11', 'topik_12', 'topik_14', 'topik_15', 'topik_17', 'topik_18']"
u681223,[]
u681411,"['topik_3', 'topik_8', 'topik_16', 'topik_17']"
u681426,"['topik_7', 'topik_17']"
u68200,"['topik_2', 'topik_3', 'topik_8', 'topik_10', 'topik_13', 'topik_19']"
u683701,"['topik_4', 'topik_14']"
u684731,"['topik_5', 'topik_12']"
u68485,"['topik_2', 'topik_4', 'topik_5', 'topik_12', 'topik_17']"
u685238,['topik_15']
u686315,"['topik_4', 'topik_13', 'topik_15', 'topik_19']"
u68832,"['topik_1', 'topik_2', 'topik_3', 'topik_4', 'topik_5', 'topik_8', 'topik_9', 'topik_10', 'topik_13', 'topik_14', 'topik_17', 'topik_19']"
u690503,['topik_14']
u690951,"['topik_5', 'topik_6', 'topik_12', 'topik_15', 'topik_16', 'topik_17', 'topik_19']"
u693696,"['topik_5', 'topik_8', 'topik_14', 'topik_18', 'topik_19']"
u696223,[]
u696339,"['topik_6', 'topik_8']"
u696533,"['topik_5', 'topik_6', 'topik_8', 'topik_16', 'topik_18', 'topik_19']"
u696565,"['topik_0', 'topik_8']"
u697224,"['topik_5', 'topik_9', 'topik_10', 'topik_19']"
u698244,"['topik_2', 'topik_3']"
u700621,['topik_18']
u701490,"['topik_7', 'topik_13', 'topik_17', 'topik_19']"
u702093,"['topik_15', 'topik_19']"
u702821,"['topik_5', 'topik_9', 'topik_13']"
u703231,"['topik_7', 'topik_14', 'topik_19']"
u703233,['topik_6']
u704486,"['topik_2', 'topik_4', 'topik_5', 'topik_8', 'topik_9', 'topik_15']"
u70559,"['topik_4', 'topik_5', 'topik_13']"
u706878,[]
u70713,"['topik_2', 'topik_3', 'topik_4', 'topik_5', 'topik_8', 'topik_10', 'topik_11', 'topik_14', 'topik_19']"
u707354,"['topik_5', 'topik_16']"
u70754,"['topik_1', 'topik_2', 'topik_4', 'topik_8', 'topik_9', 'topik_10', 'topik_11', 'topik_12', 'topik_17']"
u70840,['topik_12']
u708793,"['topik_5', 'topik_7']"
u709835,"['topik_3', 'topik_4', 'topik_16', 'topik_17', 'topik_19']"
u70991,"['topik_3', 'topik_4', 'topik_6', 'topik_10', 'topik_12', 'topik_14']"
u711768,"['topik_8', 'topik_12', 'topik_16']"
u713038,['topik_7']
u713588,"['topik_3', 'topik_5', 'topik_8', 'topik_14', 'topik_16']"
u714223,"['topik_8', 'topik_9', 'topik_16', 'topik_19']"
u714934,['topik_16']
u715182,"['topik_4', 'topik_7', 'topik_8']"
u715731,"['topik_5', 'topik_8']"
u716759,['topik_5']
u716971,"['topik_8', 'topik_10', 'topik_16', 'topik_19']"
u717179,"['topik_1', 'topik_4', 'topik_9', 'topik_17']"
u718785,[]
u719410,"['topik_2', 'topik_5', 'topik_19']"
u720611,[]
u72220,"['topik_0', 'topik_1', 'topik_5', 'topik_8', 'topik_10', 'topik_11', 'topik_12', 'topik_14']"
u72305,['topik_14']
u72334,"['topik_3', 'topik_9', 'topik_16']"
u723623,"['topik_3', 'topik_8', 'topik_10']"
u724747,"['topik_2', 'topik_7', 'topik_16']"
u725311,"['topik_4', 'topik_5', 'topik_7', 'topik_14']"
u726440,"['topik_3', 'topik_5', 'topik_9', 'topik_14']"
u726801,"['topik_4', 'topik_8', 'topik_10', 'topik_12', 'topik_15', 'topik_16', 'topik_17']"
u727305,"['topik_3', 'topik_5', 'topik_14', 'topik_16', 'topik_19']"
u727333,"['topik_3', 'topik_4', 'topik_8']"
u727490,"['topik_5', 'topik_8', 'topik_9', 'topik_16']"
u728134,"['topik_0', 'topik_5', 'topik_15']"
u728190,"['topik_1', 'topik_7', 'topik_12', 'topik_16', 'topik_19']"
u729286,[]
u729587,"['topik_9', 'topik_16']"
u730313,['topik_19']
u731218,"['topik_9', 'topik_19']"
u73305,"['topik_0', 'topik_2', 'topik_5', 'topik_8', 'topik_9', 'topik_10', 'topik_12', 'topik_13', 'topik_17']"
u733138,[]
u735050,"['topik_5', 'topik_6', 'topik_8', 'topik_12', 'topik_17']"
u735325,"['topik_0', 'topik_8', 'topik_19']"
u736649,['topik_0']
u737086,"['topik_4', 'topik_19']"
u737289,"['topik_0', 'topik_4', 'topik_5', 'topik_8', 'topik_9', 'topik_10', 'topik_17', 'topik_19']"
u738205,"['topik_8', 'topik_19']"
u739706,"['topik_7', 'topik_8', 'topik_9', 'topik_17']"
u73976,"['topik_0', 'topik_5', 'topik_8', 'topik_10', 'topik_11', 'topik_13', 'topik_14']"
u740762,"['topik_2', 'topik_4', 'topik_5', 'topik_10', 'topik_13', 'topik_19']"
u741120,['topik_5']
u741382,['topik_17']
u741506,['topik_12']
u74375,"['topik_0', 'topik_1', 'topik_2', 'topik_3', 'topik_4', 'topik_10', 'topik_11', 'topik_12', 'topik_13', 'topik_14', 'topik_17', 'topik_19']"
u74467,"['topik_1', 'topik_2', 'topik_3', 'topik_5', 'topik_9', 'topik_10', 'topik_11', 'topik_13', 'topik_17']"
u746088,['topik_16']
u746761,"['topik_9', 'topik_16', 'topik_17']"
u747161,"['topik_3', 'topik_10']"
u747165,"['topik_9', 'topik_13', 'topik_16', 'topik_19']"
u748747,['topik_16']
u749762,[]
u750014,"['topik_4', 'topik_7', 'topik_8', 'topik_14', 'topik_19']"
u751194,"['topik_3', 'topik_5', 'topik_10', 'topik_13', 'topik_19']"
u751363,"['topik_8', 'topik_13', 'topik_14']"
u751387,"['topik_1', 'topik_3', 'topik_10', 'topik_13', 'topik_14']"
u751692,"['topik_3', 'topik_4', 'topik_5', 'topik_18']"
u751747,"['topik_2', 'topik_4']"
u755298,"['topik_5', 'topik_6', 'topik_12']"
u755615,['topik_5']
u756029,"['topik_4', 'topik_8', 'topik_19']"
u757457,"['topik_5', 'topik_8', 'topik_13']"
u757951,['topik_5']
u75852,"['topik_0', 'topik_1', 'topik_2', 'topik_3', 'topik_10', 'topik_11', 'topik_12', 'topik_17']"
u761057,"['topik_4', 'topik_8', 'topik_12', 'topik_16', 'topik_19']"
u76375,[]
u764108,"['topik_4', 'topik_5', 'topik_8', 'topik_13', 'topik_15']"
u764281,"['topik_4', 'topik_13']"
u76621,[]
u767411,"['topik_4', 'topik_5']"
u777009,['topik_8']
u78841,"['topik_2', 'topik_3', 'topik_6', 'topik_7', 'topik_8', 'topik_10', 'topik_12', 'topik_13']"
u788577,"['topik_5', 'topik_6', 'topik_9', 'topik_15', 'topik_19']"
u788655,"['topik_0', 'topik_1', 'topik_2', 'topik_3', 'topik_6', 'topik_8', 'topik_9', 'topik_10', 'topik_19']"
u790078,"['topik_8', 'topik_17']"
u792923,"['topik_4', 'topik_19']"
u793087,['topik_3']
u79381,[]
u793826,"['topik_12', 'topik_14']"
u794477,"['topik_2', 'topik_5', 'topik_8', 'topik_13', 'topik_16', 'topik_18']"
u794875,"['topik_0', 'topik_3', 'topik_4', 'topik_5', 'topik_8', 'topik_14', 'topik_16']"
u796527,"['topik_2', 'topik_4', 'topik_13']"
u796794,"['topik_4', 'topik_17']"
u797494,"['topik_4', 'topik_14', 'topik_16']"
u799006,['topik_3']
u801160,[]
u801599,['topik_2']
u801722,"['topik_0', 'topik_3', 'topik_5', 'topik_7', 'topik_8', 'topik_9']"
u802347,"['topik_8', 'topik_12', 'topik_13', 'topik_14']"
u802405,['topik_8']
u80263,"['topik_0', 'topik_12', 'topik_17']"
u803646,[]
u805677,"['topik_0', 'topik_8', 'topik_12', 'topik_15']"
u805917,"['topik_1', 'topik_6', 'topik_7', 'topik_12', 'topik_16', 'topik_17', 'topik_18']"
u81010,"['topik_1', 'topik_2', 'topik_3', 'topik_5', 'topik_8', 'topik_9', 'topik_10', 'topik_11', 'topik_13', 'topik_17', 'topik_19']"
u810859,"['topik_2', 'topik_4', 'topik_5', 'topik_18']"
u811366,"['topik_3', 'topik_8', 'topik_13']"
u811409,"['topik_5', 'topik_8', 'topik_12', 'topik_19']"
u811455,['topik_4']
u811580,"['topik_8', 'topik_13']"
u811832,['topik_4']
u812985,['topik_5']
u813126,"['topik_3', 'topik_4', 'topik_9']"
u813931,[]
u814412,"['topik_6', 'topik_10', 'topik_14', 'topik_19']"
u817669,"['topik_8', 'topik_13']"
u817961,"['topik_5', 'topik_14', 'topik_16', 'topik_19']"
u818575,"['topik_1', 'topik_8', 'topik_13']"
u819081,"['topik_6', 'topik_10', 'topik_12', 'topik_14', 'topik_16', 'topik_18']"
u819746,"['topik_3', 'topik_5', 'topik_13', 'topik_14', 'topik_16']"
u822906,"['topik_3', 'topik_4', 'topik_14', 'topik_16']"
u824802,"['topik_1', 'topik_5']"
u826536,"['topik_5', 'topik_8', 'topik_9', 'topik_15']"
u828765,"['topik_4', 'topik_8', 'topik_14', 'topik_15', 'topik_16']"
u829964,"['topik_9', 'topik_15', 'topik_18']"
u831551,"['topik_5', 'topik_8', 'topik_16']"
u836303,"['topik_8', 'topik_9', 'topik_19']"
u836900,"['topik_5', 'topik_8', 'topik_13']"
u8375,[]
u837521,"['topik_2', 'topik_6', 'topik_9', 'topik_15', 'topik_19']"
u837901,"['topik_4', 'topik_5']"
u837956,"['topik_5', 'topik_13', 'topik_16']"
u839344,[]
u839442,['topik_5']
u8421,"['topik_7', 'topik_16']"
u84795,"['topik_1', 'topik_2', 'topik_5', 'topik_8', 'topik_9', 'topik_10', 'topik_11', 'topik_12', 'topik_14', 'topik_17', 'topik_19']"
u85109,[]
u85445,"['topik_4', 'topik_10', 'topik_13', 'topik_14']"
u86500,"['topik_1', 'topik_4', 'topik_5', 'topik_9', 'topik_10', 'topik_11', 'topik_12', 'topik_13', 'topik_17', 'topik_19']"
u87766,"['topik_3', 'topik_4', 'topik_5', 'topik_8', 'topik_9', 'topik_10', 'topik_11', 'topik_12', 'topik_13', 'topik_17', 'topik_19']"
u88512,"['topik_4', 'topik_9', 'topik_10', 'topik_11', 'topik_13']"
u90613,"['topik_9', 'topik_10', 'topik_11', 'topik_12']"
u90636,"['topik_1', 'topik_2', 'topik_4', 'topik_8', 'topik_9', 'topik_10', 'topik_11', 'topik_12', 'topik_13', 'topik_17', 'topik_19']"
u92543,"['topik_4', 'topik_6', 'topik_7', 'topik_8', 'topik_9', 'topik_14', 'topik_18']"
u92696,['topik_9']
u92698,['topik_14']
u93144,"['topik_8', 'topik_9', 'topik_10', 'topik_12', 'topik_17']"
u9349,"['topik_4', 'topik_7', 'topik_10', 'topik_19']"
u9404,"['topik_3', 'topik_4', 'topik_8', 'topik_11', 'topik_13', 'topik_16']"
u94279,"['topik_4', 'topik_7', 'topik_19']"
u95184,[]
u95849,"['topik_1', 'topik_2', 'topik_3', 'topik_4', 'topik_8', 'topik_11', 'topik_13', 'topik_14', 'topik_16', 'topik_18']"
u96165,"['topik_12', 'topik_14']"
u96347,"['topik_0', 'topik_1', 'topik_2', 'topik_4', 'topik_5', 'topik_8', 'topik_9', 'topik_10', 'topik_12', 'topik_13', 'topik_17', 'topik_19']"
u96577,['topik_17']
u97530,[]
u97670,"['topik_0', 'topik_12', 'topik_17']"
u97798,"['topik_4', 'topik_8', 'topik_13', 'topik_14', 'topik_18']"
u9847,"['topik_0', 'topik_3', 'topik_6', 'topik_7', 'topik_10', 'topik_14', 'topik_17', 'topik_19']"
u99251,"['topik_5', 'topik_8', 'topik_9', 'topik_10', 'topik_11', 'topik_12', 'topik_13', 'topik_14', 'topik_17', 'topik_19']"
u99293,"['topik_4', 'topik_5', 'topik_9', 'topik_10', 'topik_12', 'topik_14', 'topik_19']"
u99373,[]
